url,status,server,title
http://60.204.175.8:18001,200,,海马租机-登录
http://60.204.175.8:18002,200,,海马租机-登录
http://60.204.175.12:80,200,nginx,登录 · GitLab
http://60.204.175.26:8090,401,Proxy,
http://60.204.175.42:443,200,nginx,
http://60.204.175.12:8084,200,Nexus/3.37.3-02,Nexus Repository Manager
http://60.204.175.6:443,404,,
http://60.204.175.6:9090,200,MinIO,MinIO Console
http://60.204.175.45:8080,200,beegoServer:1.12.0,
https://60.204.175.50:443,200,nginx/1.20.1,
http://60.204.175.108:82,200,nginx/1.29.0,聚声
http://60.204.175.108:83,200,nginx/1.25.5,唐僧叨叨后台管理
http://60.204.175.186:80,200,nginx,吉利技术世界
http://60.204.175.45:80,200,nginx,
http://60.204.175.198:80,200,nginx,没有找到站点
http://60.204.175.138:80,403,nginx,403 Forbidden
http://60.204.175.146:80,200,nginx,404 Not Found
